department_agency,equity_group,fiscal_year,all_employees,designated_group_members,representation_percent,workforce_availability_percent,expected_number,gap
Employment and Social Development Canada,Women,2023-2024,38144,25695,67.4,55.3,21094,4601
Employment and Social Development Canada,Indigenous Peoples,2023-2024,38144,1690,4.4,4.1,1564,126
Employment and Social Development Canada,Persons with Disabilities,2023-2024,38144,3364,8.8,12.0,4577,-1213
Employment and Social Development Canada,Members of Visible Minorities,2023-2024,38144,11658,30.6,22.7,8659,2999
National Defence (civilian),Women,2023-2024,27707,11893,42.9,55.3,15322,-3429
National Defence (civilian),Indigenous Peoples,2023-2024,27707,956,3.5,4.1,1136,-180
National Defence (civilian),Persons with Disabilities,2023-2024,27707,1618,5.8,12.0,3325,-1707
National Defence (civilian),Members of Visible Minorities,2023-2024,27707,3336,12.0,22.7,6289,-2953
Correctional Service Canada,Women,2023-2024,18596,9504,51.1,55.3,10284,-780
Correctional Service Canada,Indigenous Peoples,2023-2024,18596,1998,10.7,4.1,762,1236
Correctional Service Canada,Persons with Disabilities,2023-2024,18596,1325,7.1,12.0,2232,-907
Correctional Service Canada,Members of Visible Minorities,2023-2024,18596,2691,14.5,22.7,4221,-1530
Public Services and Procurement Canada,Women,2023-2024,18204,11044,60.7,55.3,10067,977
Public Services and Procurement Canada,Indigenous Peoples,2023-2024,18204,683,3.8,4.1,746,-63
Public Services and Procurement Canada,Persons with Disabilities,2023-2024,18204,1347,7.4,12.0,2184,-837
Public Services and Procurement Canada,Members of Visible Minorities,2023-2024,18204,3692,20.3,22.7,4132,-440
Canada Border Services Agency,Women,2023-2024,15951,7581,47.5,55.3,8821,-1240
Canada Border Services Agency,Indigenous Peoples,2023-2024,15951,606,3.8,4.1,654,-48
Canada Border Services Agency,Persons with Disabilities,2023-2024,15951,1162,7.3,12.0,1914,-752
Canada Border Services Agency,Members of Visible Minorities,2023-2024,15951,3423,21.5,22.7,3621,-198
Fisheries and Oceans Canada (incl. Coast Guard),Women,2023-2024,14123,6320,44.7,55.3,7810,-1490
Fisheries and Oceans Canada (incl. Coast Guard),Indigenous Peoples,2023-2024,14123,773,5.5,4.1,579,194
Fisheries and Oceans Canada (incl. Coast Guard),Persons with Disabilities,2023-2024,14123,966,6.8,12.0,1695,-729
Fisheries and Oceans Canada (incl. Coast Guard),Members of Visible Minorities,2023-2024,14123,1383,9.8,22.7,3206,-1823
"Immigration, Refugees and Citizenship Canada",Women,2023-2024,12141,7882,64.9,55.3,6714,1168
"Immigration, Refugees and Citizenship Canada",Indigenous Peoples,2023-2024,12141,338,2.8,4.1,498,-160
"Immigration, Refugees and Citizenship Canada",Persons with Disabilities,2023-2024,12141,913,7.5,12.0,1457,-544
"Immigration, Refugees and Citizenship Canada",Members of Visible Minorities,2023-2024,12141,5026,41.4,22.7,2756,2270
Royal Canadian Mounted Police (PS employees),Women,2023-2024,9884,6979,70.6,55.3,5466,1513
Royal Canadian Mounted Police (PS employees),Indigenous Peoples,2023-2024,9884,535,5.4,4.1,405,130
Royal Canadian Mounted Police (PS employees),Persons with Disabilities,2023-2024,9884,482,4.9,12.0,1186,-704
Royal Canadian Mounted Police (PS employees),Members of Visible Minorities,2023-2024,9884,1811,18.3,22.7,2244,-433
Health Canada,Women,2023-2024,9591,6230,65.0,55.3,5304,926
Health Canada,Indigenous Peoples,2023-2024,9591,292,3.0,4.1,393,-101
Health Canada,Persons with Disabilities,2023-2024,9591,902,9.4,12.0,1151,-249
Health Canada,Members of Visible Minorities,2023-2024,9591,3228,33.7,22.7,2177,1051
Shared Services Canada,Women,2023-2024,8971,3191,35.6,55.3,4961,-1770
Shared Services Canada,Indigenous Peoples,2023-2024,8971,344,3.8,4.1,368,-24
Shared Services Canada,Persons with Disabilities,2023-2024,8971,730,8.1,12.0,1077,-347
Shared Services Canada,Members of Visible Minorities,2023-2024,8971,2187,24.4,22.7,2036,151
Indigenous Services Canada,Women,2023-2024,8148,5705,70.0,55.3,4506,1199
Indigenous Services Canada,Indigenous Peoples,2023-2024,8148,2232,27.4,4.1,334,1898
Indigenous Services Canada,Persons with Disabilities,2023-2024,8148,657,8.1,12.0,978,-321
Indigenous Services Canada,Members of Visible Minorities,2023-2024,8148,1635,20.1,22.7,1850,-215
Environment and Climate Change Canada,Women,2023-2024,7993,4368,54.6,55.3,4420,-52
Environment and Climate Change Canada,Indigenous Peoples,2023-2024,7993,272,3.4,4.1,328,-56
Environment and Climate Change Canada,Persons with Disabilities,2023-2024,7993,605,7.6,12.0,959,-354
Environment and Climate Change Canada,Members of Visible Minorities,2023-2024,7993,1722,21.5,22.7,1814,-92
Statistics Canada,Women,2023-2024,7077,3778,53.4,55.3,3914,-136
Statistics Canada,Indigenous Peoples,2023-2024,7077,224,3.2,4.1,290,-66
Statistics Canada,Persons with Disabilities,2023-2024,7077,651,9.2,12.0,849,-198
Statistics Canada,Members of Visible Minorities,2023-2024,7077,2047,28.9,22.7,1606,441
Global Affairs Canada,Women,2023-2024,6960,3951,56.8,55.3,3849,102
Global Affairs Canada,Indigenous Peoples,2023-2024,6960,410,5.9,4.1,285,125
Global Affairs Canada,Persons with Disabilities,2023-2024,6960,381,5.5,12.0,835,-454
Global Affairs Canada,Members of Visible Minorities,2023-2024,6960,2043,29.4,22.7,1580,463
Transport Canada,Women,2023-2024,6355,2951,46.4,55.3,3514,-563
Transport Canada,Indigenous Peoples,2023-2024,6355,279,4.4,4.1,261,18
Transport Canada,Persons with Disabilities,2023-2024,6355,453,7.1,12.0,763,-310
Transport Canada,Members of Visible Minorities,2023-2024,6355,1372,21.6,22.7,1443,-71
"Innovation, Science and Economic Development Canada",Women,2023-2024,6006,3110,51.8,55.3,3321,-211
"Innovation, Science and Economic Development Canada",Indigenous Peoples,2023-2024,6006,160,2.7,4.1,246,-86
"Innovation, Science and Economic Development Canada",Persons with Disabilities,2023-2024,6006,465,7.7,12.0,721,-256
"Innovation, Science and Economic Development Canada",Members of Visible Minorities,2023-2024,6006,1751,29.2,22.7,1363,388
Department of Justice Canada,Women,2023-2024,5478,3758,68.6,55.3,3029,729
Department of Justice Canada,Indigenous Peoples,2023-2024,5478,274,5.0,4.1,225,49
Department of Justice Canada,Persons with Disabilities,2023-2024,5478,1039,19.0,12.0,657,382
Department of Justice Canada,Members of Visible Minorities,2023-2024,5478,1565,28.6,22.7,1244,321
Natural Resources Canada,Women,2023-2024,5325,2648,49.7,55.3,2945,-297
Natural Resources Canada,Indigenous Peoples,2023-2024,5325,209,3.9,4.1,218,-9
Natural Resources Canada,Persons with Disabilities,2023-2024,5325,553,10.4,12.0,639,-86
Natural Resources Canada,Members of Visible Minorities,2023-2024,5325,1253,23.5,22.7,1209,44
Agriculture and Agri-Food Canada,Women,2023-2024,5134,2751,53.6,55.3,2839,-88
Agriculture and Agri-Food Canada,Indigenous Peoples,2023-2024,5134,223,4.3,4.1,210,13
Agriculture and Agri-Food Canada,Persons with Disabilities,2023-2024,5134,396,7.7,12.0,616,-220
Agriculture and Agri-Food Canada,Members of Visible Minorities,2023-2024,5134,1070,20.8,22.7,1165,-95
Public Health Agency of Canada,Women,2023-2024,3831,2670,69.7,55.3,2119,551
Public Health Agency of Canada,Indigenous Peoples,2023-2024,3831,131,3.4,4.1,157,-26
Public Health Agency of Canada,Persons with Disabilities,2023-2024,3831,306,8.0,12.0,460,-154
Public Health Agency of Canada,Members of Visible Minorities,2023-2024,3831,1187,31.0,22.7,870,317
Veterans Affairs Canada,Women,2023-2024,3637,2653,72.9,55.3,2011,642
Veterans Affairs Canada,Indigenous Peoples,2023-2024,3637,157,4.3,4.1,149,8
Veterans Affairs Canada,Persons with Disabilities,2023-2024,3637,345,9.5,12.0,436,-91
Veterans Affairs Canada,Members of Visible Minorities,2023-2024,3637,392,10.8,22.7,826,-434
Treasury Board of Canada Secretariat,Women,2023-2024,2381,1505,63.2,55.3,1317,188
Treasury Board of Canada Secretariat,Indigenous Peoples,2023-2024,2381,83,3.5,4.1,98,-15
Treasury Board of Canada Secretariat,Persons with Disabilities,2023-2024,2381,253,10.6,12.0,286,-33
Treasury Board of Canada Secretariat,Members of Visible Minorities,2023-2024,2381,635,26.7,22.7,540,95
Immigration and Refugee Board of Canada,Women,2023-2024,2298,1496,65.1,55.3,1271,225
Immigration and Refugee Board of Canada,Indigenous Peoples,2023-2024,2298,51,2.2,4.1,94,-43
Immigration and Refugee Board of Canada,Persons with Disabilities,2023-2024,2298,143,6.2,12.0,276,-133
Immigration and Refugee Board of Canada,Members of Visible Minorities,2023-2024,2298,1025,44.6,22.7,522,503
Crown-Indigenous Relations and Northern Affairs Canada,Women,2023-2024,1925,1290,67.0,55.3,1065,225
Crown-Indigenous Relations and Northern Affairs Canada,Indigenous Peoples,2023-2024,1925,339,17.6,4.1,79,260
Crown-Indigenous Relations and Northern Affairs Canada,Persons with Disabilities,2023-2024,1925,134,7.0,12.0,231,-97
Crown-Indigenous Relations and Northern Affairs Canada,Members of Visible Minorities,2023-2024,1925,360,18.7,22.7,437,-77
Canadian Heritage,Women,2023-2024,1788,1225,68.5,55.3,989,236
Canadian Heritage,Indigenous Peoples,2023-2024,1788,98,5.5,4.1,73,25
Canadian Heritage,Persons with Disabilities,2023-2024,1788,165,9.2,12.0,215,-50
Canadian Heritage,Members of Visible Minorities,2023-2024,1788,353,19.7,22.7,406,-53
Public Safety Canada,Women,2023-2024,1521,932,61.3,55.3,841,91
Public Safety Canada,Indigenous Peoples,2023-2024,1521,86,5.7,4.1,62,24
Public Safety Canada,Persons with Disabilities,2023-2024,1521,173,11.4,12.0,183,-10
Public Safety Canada,Members of Visible Minorities,2023-2024,1521,331,21.8,22.7,345,-14
"Housing, Infrastructure and Communities Canada",Women,2023-2024,1361,846,62.2,55.3,753,93
"Housing, Infrastructure and Communities Canada",Indigenous Peoples,2023-2024,1361,45,3.3,4.1,56,-11
"Housing, Infrastructure and Communities Canada",Persons with Disabilities,2023-2024,1361,141,10.4,12.0,163,-22
"Housing, Infrastructure and Communities Canada",Members of Visible Minorities,2023-2024,1361,387,28.4,22.7,309,78
Privy Council Office,Women,2023-2024,1193,698,58.5,55.3,660,38
Privy Council Office,Indigenous Peoples,2023-2024,1193,49,4.1,4.1,49,0
Privy Council Office,Persons with Disabilities,2023-2024,1193,89,7.5,12.0,143,-54
Privy Council Office,Members of Visible Minorities,2023-2024,1193,313,26.2,22.7,271,42
Public Prosecution Service of Canada,Women,2023-2024,1159,764,65.9,55.3,641,123
Public Prosecution Service of Canada,Indigenous Peoples,2023-2024,1159,84,7.2,4.1,48,36
Public Prosecution Service of Canada,Persons with Disabilities,2023-2024,1159,93,8.0,12.0,139,-46
Public Prosecution Service of Canada,Members of Visible Minorities,2023-2024,1159,257,22.2,22.7,263,-6
Library and Archives Canada,Women,2023-2024,1079,685,63.5,55.3,597,88
Library and Archives Canada,Indigenous Peoples,2023-2024,1079,49,4.5,4.1,44,5
Library and Archives Canada,Persons with Disabilities,2023-2024,1079,66,6.1,12.0,129,-63
Library and Archives Canada,Members of Visible Minorities,2023-2024,1079,113,10.5,22.7,245,-132
Elections Canada,Women,2023-2024,1045,554,53.0,55.3,578,-24
Elections Canada,Indigenous Peoples,2023-2024,1045,35,3.3,4.1,43,-8
Elections Canada,Persons with Disabilities,2023-2024,1045,72,6.9,12.0,125,-53
Elections Canada,Members of Visible Minorities,2023-2024,1045,230,22.0,22.7,237,-7
Department of Finance Canada,Women,2023-2024,922,434,47.1,55.3,510,-76
Department of Finance Canada,Indigenous Peoples,2023-2024,922,24,2.6,4.1,38,-14
Department of Finance Canada,Persons with Disabilities,2023-2024,922,56,6.1,12.0,111,-55
Department of Finance Canada,Members of Visible Minorities,2023-2024,922,211,22.9,22.7,209,2
Public Service Commission of Canada,Women,2023-2024,868,583,67.2,55.3,480,103
Public Service Commission of Canada,Indigenous Peoples,2023-2024,868,37,4.3,4.1,36,1
Public Service Commission of Canada,Persons with Disabilities,2023-2024,868,131,15.1,12.0,104,27
Public Service Commission of Canada,Members of Visible Minorities,2023-2024,868,205,23.6,22.7,197,8
Canadian Space Agency,Women,2023-2024,850,406,47.8,55.3,470,-64
Canadian Space Agency,Indigenous Peoples,2023-2024,850,16,1.9,4.1,35,-19
Canadian Space Agency,Persons with Disabilities,2023-2024,850,97,11.4,12.0,102,-5
Canadian Space Agency,Members of Visible Minorities,2023-2024,850,193,22.7,22.7,193,0
Courts Administration Service,Women,2023-2024,795,507,63.8,55.3,440,67
Courts Administration Service,Indigenous Peoples,2023-2024,795,21,2.6,4.1,33,-12
Courts Administration Service,Persons with Disabilities,2023-2024,795,53,6.7,12.0,95,-42
Courts Administration Service,Members of Visible Minorities,2023-2024,795,227,28.6,22.7,180,47
Employment and Social Development Canada,Women,2024-2025,38334,25771,67.2,54.9,21045,4726
Employment and Social Development Canada,Indigenous Peoples,2024-2025,38334,1603,4.2,4.0,1533,70
Employment and Social Development Canada,Persons with Disabilities,2024-2025,38334,3241,8.5,12.0,4600,-1359
Employment and Social Development Canada,Members of Visible Minorities,2024-2025,38334,11972,31.2,22.7,8702,3270
National Defence (civilian),Women,2024-2025,28241,12130,43.0,54.9,15504,-3374
National Defence (civilian),Indigenous Peoples,2024-2025,28241,1046,3.7,4.0,1130,-84
National Defence (civilian),Persons with Disabilities,2024-2025,28241,2059,7.3,12.0,3389,-1330
National Defence (civilian),Members of Visible Minorities,2024-2025,28241,3704,13.1,22.7,6411,-2707
Correctional Service Canada,Women,2024-2025,18660,9582,51.4,54.9,10244,-662
Correctional Service Canada,Indigenous Peoples,2024-2025,18660,1983,10.6,4.0,746,1237
Correctional Service Canada,Persons with Disabilities,2024-2025,18660,1389,7.4,12.0,2239,-850
Correctional Service Canada,Members of Visible Minorities,2024-2025,18660,2895,15.5,22.7,4236,-1341
Public Services and Procurement Canada,Women,2024-2025,18381,11182,60.8,54.9,10091,1091
Public Services and Procurement Canada,Indigenous Peoples,2024-2025,18381,720,3.9,4.0,735,-15
Public Services and Procurement Canada,Persons with Disabilities,2024-2025,18381,1576,8.6,12.0,2206,-630
Public Services and Procurement Canada,Members of Visible Minorities,2024-2025,18381,3962,21.6,22.7,4172,-210
Canada Border Services Agency,Women,2024-2025,16235,7657,47.2,54.9,8913,-1256
Canada Border Services Agency,Indigenous Peoples,2024-2025,16235,710,4.4,4.0,649,61
Canada Border Services Agency,Persons with Disabilities,2024-2025,16235,1522,9.4,12.0,1948,-426
Canada Border Services Agency,Members of Visible Minorities,2024-2025,16235,3998,24.6,22.7,3685,313
Fisheries and Oceans Canada (incl. Coast Guard),Women,2024-2025,13924,6222,44.7,54.9,7644,-1422
Fisheries and Oceans Canada (incl. Coast Guard),Indigenous Peoples,2024-2025,13924,1079,7.7,4.0,557,522
Fisheries and Oceans Canada (incl. Coast Guard),Persons with Disabilities,2024-2025,13924,1639,11.8,12.0,1671,-32
Fisheries and Oceans Canada (incl. Coast Guard),Members of Visible Minorities,2024-2025,13924,1726,12.4,22.7,3161,-1435
"Immigration, Refugees and Citizenship Canada",Women,2024-2025,10974,7071,64.4,54.9,6025,1046
"Immigration, Refugees and Citizenship Canada",Indigenous Peoples,2024-2025,10974,318,2.9,4.0,439,-121
"Immigration, Refugees and Citizenship Canada",Persons with Disabilities,2024-2025,10974,870,7.9,12.0,1317,-447
"Immigration, Refugees and Citizenship Canada",Members of Visible Minorities,2024-2025,10974,4494,41.0,22.7,2491,2003
Royal Canadian Mounted Police (PS employees),Women,2024-2025,10822,7554,69.8,54.9,5941,1613
Royal Canadian Mounted Police (PS employees),Indigenous Peoples,2024-2025,10822,567,5.2,4.0,433,134
Royal Canadian Mounted Police (PS employees),Persons with Disabilities,2024-2025,10822,590,5.5,12.0,1299,-709
Royal Canadian Mounted Police (PS employees),Members of Visible Minorities,2024-2025,10822,2155,19.9,22.7,2457,-302
Health Canada,Women,2024-2025,9173,5926,64.6,54.9,5036,890
Health Canada,Indigenous Peoples,2024-2025,9173,281,3.1,4.0,367,-86
Health Canada,Persons with Disabilities,2024-2025,9173,906,9.9,12.0,1101,-195
Health Canada,Members of Visible Minorities,2024-2025,9173,3141,34.2,22.7,2082,1059
Shared Services Canada,Women,2024-2025,8671,2961,34.1,54.9,4760,-1799
Shared Services Canada,Indigenous Peoples,2024-2025,8671,346,4.0,4.0,347,-1
Shared Services Canada,Persons with Disabilities,2024-2025,8671,755,8.7,12.0,1041,-286
Shared Services Canada,Members of Visible Minorities,2024-2025,8671,2162,24.9,22.7,1968,194
Indigenous Services Canada,Women,2024-2025,8389,5890,70.2,54.9,4606,1284
Indigenous Services Canada,Indigenous Peoples,2024-2025,8389,2253,26.9,4.0,336,1917
Indigenous Services Canada,Persons with Disabilities,2024-2025,8389,750,8.9,12.0,1007,-257
Indigenous Services Canada,Members of Visible Minorities,2024-2025,8389,1759,21.0,22.7,1904,-145
Environment and Climate Change Canada,Women,2024-2025,8180,4464,54.6,54.9,4491,-27
Environment and Climate Change Canada,Indigenous Peoples,2024-2025,8180,304,3.7,4.0,327,-23
Environment and Climate Change Canada,Persons with Disabilities,2024-2025,8180,723,8.8,12.0,982,-259
Environment and Climate Change Canada,Members of Visible Minorities,2024-2025,8180,1815,22.2,22.7,1857,-42
Global Affairs Canada,Women,2024-2025,7210,4100,56.9,54.9,3958,142
Global Affairs Canada,Indigenous Peoples,2024-2025,7210,417,5.8,4.0,288,129
Global Affairs Canada,Persons with Disabilities,2024-2025,7210,447,6.2,12.0,865,-418
Global Affairs Canada,Members of Visible Minorities,2024-2025,7210,2175,30.2,22.7,1637,538
Statistics Canada,Women,2024-2025,6845,3624,52.9,54.9,3758,-134
Statistics Canada,Indigenous Peoples,2024-2025,6845,232,3.4,4.0,274,-42
Statistics Canada,Persons with Disabilities,2024-2025,6845,741,10.8,12.0,821,-80
Statistics Canada,Members of Visible Minorities,2024-2025,6845,2036,29.7,22.7,1554,482
Transport Canada,Women,2024-2025,6361,2997,47.1,54.9,3492,-495
Transport Canada,Indigenous Peoples,2024-2025,6361,273,4.3,4.0,254,19
Transport Canada,Persons with Disabilities,2024-2025,6361,597,9.4,12.0,763,-166
Transport Canada,Members of Visible Minorities,2024-2025,6361,1436,22.6,22.7,1444,-8
"Innovation, Science and Economic Development Canada",Women,2024-2025,6091,3143,51.6,54.9,3344,-201
"Innovation, Science and Economic Development Canada",Indigenous Peoples,2024-2025,6091,173,2.8,4.0,244,-71
"Innovation, Science and Economic Development Canada",Persons with Disabilities,2024-2025,6091,513,8.4,12.0,731,-218
"Innovation, Science and Economic Development Canada",Members of Visible Minorities,2024-2025,6091,1871,30.7,22.7,1383,488
Natural Resources Canada,Women,2024-2025,5613,2810,50.1,54.9,3082,-272
Natural Resources Canada,Indigenous Peoples,2024-2025,5613,254,4.5,4.0,225,29
Natural Resources Canada,Persons with Disabilities,2024-2025,5613,629,11.2,12.0,674,-45
Natural Resources Canada,Members of Visible Minorities,2024-2025,5613,1412,25.2,22.7,1274,138
Department of Justice Canada,Women,2024-2025,5556,3806,68.5,54.9,3050,756
Department of Justice Canada,Indigenous Peoples,2024-2025,5556,269,4.8,4.0,222,47
Department of Justice Canada,Persons with Disabilities,2024-2025,5556,1083,19.5,12.0,667,416
Department of Justice Canada,Members of Visible Minorities,2024-2025,5556,1619,29.1,22.7,1261,358
Agriculture and Agri-Food Canada,Women,2024-2025,5041,2709,53.7,54.9,2768,-59
Agriculture and Agri-Food Canada,Indigenous Peoples,2024-2025,5041,239,4.7,4.0,202,37
Agriculture and Agri-Food Canada,Persons with Disabilities,2024-2025,5041,503,10.0,12.0,605,-102
Agriculture and Agri-Food Canada,Members of Visible Minorities,2024-2025,5041,1093,21.7,22.7,1144,-51
Veterans Affairs Canada,Women,2024-2025,3657,2670,73.0,54.9,2008,662
Veterans Affairs Canada,Indigenous Peoples,2024-2025,3657,167,4.6,4.0,146,21
Veterans Affairs Canada,Persons with Disabilities,2024-2025,3657,417,11.4,12.0,439,-22
Veterans Affairs Canada,Members of Visible Minorities,2024-2025,3657,435,11.9,22.7,830,-395
Public Health Agency of Canada,Women,2024-2025,3164,2221,70.2,54.9,1737,484
Public Health Agency of Canada,Indigenous Peoples,2024-2025,3164,107,3.4,4.0,127,-20
Public Health Agency of Canada,Persons with Disabilities,2024-2025,3164,266,8.4,12.0,380,-114
Public Health Agency of Canada,Members of Visible Minorities,2024-2025,3164,924,29.2,22.7,718,206
Immigration and Refugee Board of Canada,Women,2024-2025,2278,1484,65.1,54.9,1251,233
Immigration and Refugee Board of Canada,Indigenous Peoples,2024-2025,2278,49,2.2,4.0,91,-42
Immigration and Refugee Board of Canada,Persons with Disabilities,2024-2025,2278,172,7.6,12.0,273,-101
Immigration and Refugee Board of Canada,Members of Visible Minorities,2024-2025,2278,1084,47.6,22.7,517,567
Treasury Board of Canada Secretariat,Women,2024-2025,2271,1413,62.2,54.9,1247,166
Treasury Board of Canada Secretariat,Indigenous Peoples,2024-2025,2271,91,4.0,4.0,91,0
Treasury Board of Canada Secretariat,Persons with Disabilities,2024-2025,2271,299,13.2,12.0,273,26
Treasury Board of Canada Secretariat,Members of Visible Minorities,2024-2025,2271,618,27.2,22.7,516,102
Canadian Heritage,Women,2024-2025,1814,1240,68.4,54.9,996,244
Canadian Heritage,Indigenous Peoples,2024-2025,1814,112,6.2,4.0,73,39
Canadian Heritage,Persons with Disabilities,2024-2025,1814,198,10.9,12.0,218,-20
Canadian Heritage,Members of Visible Minorities,2024-2025,1814,390,21.5,22.7,412,-22
Crown-Indigenous Relations and Northern Affairs Canada,Women,2024-2025,1808,1224,67.7,54.9,993,231
Crown-Indigenous Relations and Northern Affairs Canada,Indigenous Peoples,2024-2025,1808,337,18.6,4.0,72,265
Crown-Indigenous Relations and Northern Affairs Canada,Persons with Disabilities,2024-2025,1808,160,8.8,12.0,217,-57
Crown-Indigenous Relations and Northern Affairs Canada,Members of Visible Minorities,2024-2025,1808,326,18.0,22.7,410,-84
Public Safety Canada,Women,2024-2025,1628,993,61.0,54.9,894,99
Public Safety Canada,Indigenous Peoples,2024-2025,1628,82,5.0,4.0,65,17
Public Safety Canada,Persons with Disabilities,2024-2025,1628,221,13.6,12.0,195,26
Public Safety Canada,Members of Visible Minorities,2024-2025,1628,399,24.5,22.7,370,29
"Housing, Infrastructure and Communities Canada",Women,2024-2025,1552,954,61.5,54.9,852,102
"Housing, Infrastructure and Communities Canada",Indigenous Peoples,2024-2025,1552,55,3.5,4.0,62,-7
"Housing, Infrastructure and Communities Canada",Persons with Disabilities,2024-2025,1552,168,10.8,12.0,186,-18
"Housing, Infrastructure and Communities Canada",Members of Visible Minorities,2024-2025,1552,442,28.5,22.7,352,90
Elections Canada,Women,2024-2025,1308,719,55.0,54.9,718,1
Elections Canada,Indigenous Peoples,2024-2025,1308,39,3.0,4.0,52,-13
Elections Canada,Persons with Disabilities,2024-2025,1308,109,8.3,12.0,157,-48
Elections Canada,Members of Visible Minorities,2024-2025,1308,369,28.2,22.7,297,72
Public Prosecution Service of Canada,Women,2024-2025,1136,751,66.1,54.9,624,127
Public Prosecution Service of Canada,Indigenous Peoples,2024-2025,1136,81,7.1,4.0,45,36
Public Prosecution Service of Canada,Persons with Disabilities,2024-2025,1136,104,9.2,12.0,136,-32
Public Prosecution Service of Canada,Members of Visible Minorities,2024-2025,1136,264,23.2,22.7,258,6
Privy Council Office,Women,2024-2025,1130,656,58.1,54.9,620,36
Privy Council Office,Indigenous Peoples,2024-2025,1130,46,4.1,4.0,45,1
Privy Council Office,Persons with Disabilities,2024-2025,1130,110,9.7,12.0,136,-26
Privy Council Office,Members of Visible Minorities,2024-2025,1130,316,28.0,22.7,257,59
Library and Archives Canada,Women,2024-2025,1108,700,63.2,54.9,608,92
Library and Archives Canada,Indigenous Peoples,2024-2025,1108,48,4.3,4.0,44,4
Library and Archives Canada,Persons with Disabilities,2024-2025,1108,69,6.2,12.0,133,-64
Library and Archives Canada,Members of Visible Minorities,2024-2025,1108,125,11.3,22.7,252,-127
Department of Finance Canada,Women,2024-2025,946,468,49.5,54.9,519,-51
Department of Finance Canada,Indigenous Peoples,2024-2025,946,27,2.9,4.0,38,-11
Department of Finance Canada,Persons with Disabilities,2024-2025,946,75,7.9,12.0,114,-39
Department of Finance Canada,Members of Visible Minorities,2024-2025,946,235,24.8,22.7,215,20
Canadian Space Agency,Women,2024-2025,900,430,47.8,54.9,494,-64
Canadian Space Agency,Indigenous Peoples,2024-2025,900,21,2.3,4.0,36,-15
Canadian Space Agency,Persons with Disabilities,2024-2025,900,140,15.6,12.0,108,32
Canadian Space Agency,Members of Visible Minorities,2024-2025,900,214,23.8,22.7,204,10
Courts Administration Service,Women,2024-2025,823,516,62.7,54.9,452,64
Courts Administration Service,Indigenous Peoples,2024-2025,823,16,1.9,4.0,33,-17
Courts Administration Service,Persons with Disabilities,2024-2025,823,67,8.1,12.0,99,-32
Courts Administration Service,Members of Visible Minorities,2024-2025,823,242,29.4,22.7,187,55
Public Service Commission of Canada,Women,2024-2025,771,509,66.0,54.9,423,86
Public Service Commission of Canada,Indigenous Peoples,2024-2025,771,31,4.0,4.0,31,0
Public Service Commission of Canada,Persons with Disabilities,2024-2025,771,130,16.9,12.0,93,37
Public Service Commission of Canada,Members of Visible Minorities,2024-2025,771,178,23.1,22.7,175,3
Canadian Radio-television and Telecommunications Commission,Women,2024-2025,689,390,56.6,54.9,378,12
Canadian Radio-television and Telecommunications Commission,Indigenous Peoples,2024-2025,689,38,5.5,4.0,28,10
Canadian Radio-television and Telecommunications Commission,Persons with Disabilities,2024-2025,689,76,11.0,12.0,83,-7
Canadian Radio-television and Telecommunications Commission,Members of Visible Minorities,2024-2025,689,174,25.3,22.7,156,18
Administrative Tribunals Support Service,Women,2024-2025,571,382,66.9,54.9,313,69
Administrative Tribunals Support Service,Indigenous Peoples,2024-2025,571,15,2.6,4.0,23,-8
Administrative Tribunals Support Service,Persons with Disabilities,2024-2025,571,61,10.7,12.0,69,-8
Administrative Tribunals Support Service,Members of Visible Minorities,2024-2025,571,145,25.4,22.7,130,15
Canada School of Public Service,Women,2024-2025,571,379,66.4,54.9,313,66
Canada School of Public Service,Indigenous Peoples,2024-2025,571,27,4.7,4.0,23,4
Canada School of Public Service,Persons with Disabilities,2024-2025,571,68,11.9,12.0,69,-1
Canada School of Public Service,Members of Visible Minorities,2024-2025,571,141,24.7,22.7,130,11
Atlantic Canada Opportunities Agency,Women,2024-2025,564,364,64.5,54.9,310,54
Atlantic Canada Opportunities Agency,Indigenous Peoples,2024-2025,564,26,4.6,4.0,23,3
Atlantic Canada Opportunities Agency,Persons with Disabilities,2024-2025,564,89,15.8,12.0,68,21
Atlantic Canada Opportunities Agency,Members of Visible Minorities,2024-2025,564,56,9.9,22.7,128,-72
Impact Assessment Agency of Canada,Women,2024-2025,550,366,66.5,54.9,302,64
Impact Assessment Agency of Canada,Indigenous Peoples,2024-2025,550,37,6.7,4.0,22,15
Impact Assessment Agency of Canada,Persons with Disabilities,2024-2025,550,60,10.9,12.0,66,-6
Impact Assessment Agency of Canada,Members of Visible Minorities,2024-2025,550,128,23.3,22.7,125,3
Western Economic Diversification Canada,Women,2024-2025,476,289,60.7,54.9,261,28
Western Economic Diversification Canada,Indigenous Peoples,2024-2025,476,23,4.8,4.0,19,4
Western Economic Diversification Canada,Persons with Disabilities,2024-2025,476,44,9.2,12.0,57,-13
Western Economic Diversification Canada,Members of Visible Minorities,2024-2025,476,146,30.7,22.7,108,38
Canadian Grain Commission,Women,2024-2025,449,199,44.3,54.9,247,-48
Canadian Grain Commission,Indigenous Peoples,2024-2025,449,21,4.7,4.0,18,3
Canadian Grain Commission,Persons with Disabilities,2024-2025,449,25,5.6,12.0,54,-29
Canadian Grain Commission,Members of Visible Minorities,2024-2025,449,148,33.0,22.7,102,46
Parole Board of Canada,Women,2024-2025,448,341,76.1,54.9,246,95
Parole Board of Canada,Indigenous Peoples,2024-2025,448,16,3.6,4.0,18,-2
Parole Board of Canada,Persons with Disabilities,2024-2025,448,45,10.0,12.0,54,-9
Parole Board of Canada,Members of Visible Minorities,2024-2025,448,87,19.4,22.7,102,-15
Women and Gender Equality Canada,Women,2024-2025,376,314,83.5,54.9,206,108
Women and Gender Equality Canada,Indigenous Peoples,2024-2025,376,20,5.3,4.0,15,5
Women and Gender Equality Canada,Persons with Disabilities,2024-2025,376,49,13.0,12.0,45,4
Women and Gender Equality Canada,Members of Visible Minorities,2024-2025,376,92,24.5,22.7,85,7
Canada Economic Development for Quebec Regions,Women,2024-2025,362,206,56.9,54.9,199,7
Canada Economic Development for Quebec Regions,Indigenous Peoples,2024-2025,362,,,4.0,,
Canada Economic Development for Quebec Regions,Persons with Disabilities,2024-2025,362,36,9.9,12.0,43,-7
Canada Economic Development for Quebec Regions,Members of Visible Minorities,2024-2025,362,82,22.7,22.7,82,0
Canadian Transportation Agency,Women,2024-2025,335,187,55.8,54.9,184,3
Canadian Transportation Agency,Indigenous Peoples,2024-2025,335,10,3.0,4.0,13,-3
Canadian Transportation Agency,Persons with Disabilities,2024-2025,335,38,11.3,12.0,40,-2
Canadian Transportation Agency,Members of Visible Minorities,2024-2025,335,81,24.2,22.7,76,5
Offices of Info and Privacy Commissioners,Women,2024-2025,333,209,62.8,54.9,183,26
Offices of Info and Privacy Commissioners,Indigenous Peoples,2024-2025,333,18,5.4,4.0,13,5
Offices of Info and Privacy Commissioners,Persons with Disabilities,2024-2025,333,32,9.6,12.0,40,-8
Offices of Info and Privacy Commissioners,Members of Visible Minorities,2024-2025,333,67,20.1,22.7,76,-9
Canadian Human Rights Commission,Women,2024-2025,264,194,73.5,54.9,145,49
Canadian Human Rights Commission,Indigenous Peoples,2024-2025,264,7,2.7,4.0,11,-4
Canadian Human Rights Commission,Persons with Disabilities,2024-2025,264,50,18.9,12.0,32,18
Canadian Human Rights Commission,Members of Visible Minorities,2024-2025,264,76,28.8,22.7,60,16
Federal Economic Development Agency for Southern Ontario,Women,2024-2025,237,146,61.6,54.9,130,16
Federal Economic Development Agency for Southern Ontario,Indigenous Peoples,2024-2025,237,9,3.8,4.0,9,0
Federal Economic Development Agency for Southern Ontario,Persons with Disabilities,2024-2025,237,32,13.5,12.0,28,4
Federal Economic Development Agency for Southern Ontario,Members of Visible Minorities,2024-2025,237,73,30.8,22.7,54,19
Registrar of the Supreme Court of Canada,Women,2024-2025,226,136,60.2,54.9,124,12
Registrar of the Supreme Court of Canada,Indigenous Peoples,2024-2025,226,7,3.1,4.0,9,-2
Registrar of the Supreme Court of Canada,Persons with Disabilities,2024-2025,226,26,11.5,12.0,27,-1
Registrar of the Supreme Court of Canada,Members of Visible Minorities,2024-2025,226,35,15.5,22.7,51,-16
Transportation Safety Board of Canada,Women,2024-2025,216,87,40.3,54.9,119,-32
Transportation Safety Board of Canada,Indigenous Peoples,2024-2025,216,7,3.2,4.0,9,-2
Transportation Safety Board of Canada,Persons with Disabilities,2024-2025,216,18,8.3,12.0,26,-8
Transportation Safety Board of Canada,Members of Visible Minorities,2024-2025,216,28,13.0,22.7,49,-21
